Name,Sequence
SIVmac_cons,METPLREQENSLESSNERSSCISEADATTPESANLGEEILSQLYRPLEACYNTCYCKKCCYHCQFCFLKKGLGICYEQSRKRRRTPKKAKANTSSASNKPISNRTRHCQPEKAKKETVEKAVATAPGLGR
HIV-2,MLDMETPLKEPESSLGSCNEPSSRTSGQDATTQELAKLGEEILSQLYQPLEECDNSCYCKRCCYHCQLCFLKKGLGICYDRKGRRRRTPKKAKAHSSSASDKSISTRTRNSQPAKKQKKTLEATVETDPGLGR
HIV-1_NC_001802.1,MEPVDPRLEPWKHPGSQPKTACTNCYCKKCCFHCQVCFITKALGISYGRKKRRQRRRAHQNSQTHQASLSKQPTSQPRGDPTGPKE
HIV-1_KJ019215.1,MEPVEPRLEPWKHPGSQPKTACTNCYCKKCCFHCQVCFTTKALGISYGRKKRRQRRRAPQDSQTDQVSLSKQPASQPGGDPTGPKE
SIVcpzMT145,METPLREQENSLESSNEHSSCISEADASTPESANLGEEILSQLYRPLEACYNSCYCKQCCYHCQLCFITKGLGISYGRKKRRQRRRTPQGGQAHQDHISKQPSSQPHGDPPGPKE
SIVcpz_OP373448,METPLREQENSLESSNEHSSCISEADASTPESANLGEEILSQLYRPLEACYNSCYCKQCCYHCQLCFITKGLGISYGRKKRRQRRRTPQGGQAHQDHISKQPSSQPHGDPPGPKE
SIVcpzMT145K,METPLREQENSLESSNEHSSCISEADASTPESANLGEEILSQLYRPLEACYNSCYCKQCCYHCQLCFITKGLGISYGRKKRRQRRRTPQGGQAHQDHISKQPSSQPHGDPPGPKE
SIVcpz_OP373447,METPLREQENSLESSNEHSSCISEADASTPESANLGEEILSQLYRPLEACYNSCYCKQCCYHCQLCFITKGLGISYGRKKRRQRRRTPQGGQAHQDHISKQPSSQPHGDPPGPKE
SIVcpz_X52154,MDPIDPDLEPWKHPGSQPRTVCNNCYCKACCYHCIYCFTKKGLGISYGRKKRTTRRRTAPAGSKNNQDSIPKQPLSQSRGNKEGSEKSTKEVASKTEADQ
SIVgor-BPID15,MDPTDPDLPPWQQPGSQPSSPCNNCFCKACCYHCYVCLVKKGLGISYGRKKRGRAARPNNNNQNHQDPVSK
SIVgor-BPID1,MDPIDPELPPWQQPGSQPSSPCNTCFCKVCCYHCYVCFVKKGLGISYGRKKRRRPTRTNNNHQNHQDPVSKQPLARTGAQQE
SIVgorCP684con,MDPTDPELPPWQQPGSQPPTPCNTCYCKKCCYHCYVCFTKKGLGISYGRKKRRRPARTADKDQDNQDPVSKQSLAGTRSQQE
SIVgor-pBR-CP2139,MDPTDPELPPWQQPGSQPPTPCNTCYCKKCCYHCYVCFTKKGLGISYGRKKRRRPARTADKDQNNQAPVSKQSLAGTRSQQE
SIVgorCP2139.1con,MDPTDPELPPWQQPGSQPPTPCNTCYCKKCCYHCYVCFTKKGLGISYGRKKRRRPARTADKDQNNQAPVSKQSLAGTRSQQE
SIVgorCP2135con,MDPTDPELPPWQQPGSQPPTPCNTCYCKKCCYHCYVCFTKKGLGISYGRKKRRRPARTADKDQNNQAPVSKQSLPGTRSQQE
SIVdrl1FAO,MDARKVDLDQQDAGTHFEPFQGRTNNCNTCWCKYCAYHCQLCFLQKGLGIRYNVSRPRKRTATVVSRVSETGDTPVARTHTAQRRPTTTDSQTEKKEKSKTEASGTSDQNPPSQDPPKLGAKKQ
SIVmndGB1,MEPSGKEDHNCPPQDSGQEEIDYKQLLEEYYQPLQACENKCWCKKCCFHCMLCFQKKGLGIRYHVYRKRVPGTNKKIPGSGEEAIRRAIDLSFHRTASRTYTANGQTTEKKKATA
SIVmnd5440,MDVGEVASDKKEEDITHFDPFRARTTPCNKCFCKVCCYHCQLCFLQKALGVHYHVYRQRRPRRGLLEKVPSNSQAALGRDIALFLMSSRETISGPTTSNGQTEKEEKSQT
SIVsab-1,MDQEQEARPQVWEELQEELHRPLQACDNTCFCKVCCFHCILCFHKKALGIRYYVPRPRRASKKISHNQVSLHN
SIVsab92018,MAQEEGLQVWEELQEELQRPLQACNNKCYCKKCCYHCPLCFTQKGLGIAYYVPRTRRTVKKIQNNQVPIHNQSISTWTRNSQAEKKSQTKVGQAATADHTPGRKNS
SIVsmmPBJA,METPLKEQESSLESSREHSSSISEVDADTPESASLEEEILSQLYRPLEACYNKCYCKRCCYHCQHCFLKKGLGICYEQQRRRTPKKTKANTSSASDKSLSRRARNCQPKKEKKETVEAEVATDLGLGR
SIVsmmPBJB,METPLKEQESSLESSREHSSSISEVDADTPESASLEEEILSQLYRPLEACYNKCYCKRCCYHCQHCFLKKGLGICYEQQRRRTPKKTKANTSSASDKSLSRRARNCQPKKEKKETVEAEVATDLGLGR
SIVsmSL92b,MDAPIQGLDSQGDQIPWDLYRPLETCYNSCFCKKCCFHCQLCFLRKGLGITYAKPRRRVKKKAKANPFDTSNQSISSGTRNCQPKKEQKEKVETEVDTDCGLGR
SIVsmmPGm,METPLKEQENSLGSSNERSSYTSEEDVLTPESAKVEEEILCQLYRPLEACSNTCYCKKCCYHCQLCFLKKGLGICYEQQRRRRRTPKKAKANTFSAPNESLSTRARNSQPKKEKKETVETEVATDLGLGR
SIVtan,MESEGDGMAESLLQDLHRPLTPCTNKCFCKRCCYHCQVCFLQKGLGITYHVSRIRRPKKNHSNHQNLVSQQSISAWGGNSQTTQEEKTKIPAAAETSRRPQ